{"cameraMode":{"drawMode":0,"name":"Shaded","section":"Shading Mode"},"sceneLighting":true,"audioPlay":false,"sceneViewState":{"m_AlwaysRefresh":false,"showFog":true,"showSkybox":true,"showFlares":true,"showImageEffects":true,"showParticleSystems":true,"showVisualEffectGraphs":true,"m_FxEnabled":true},"in2DMode":false,"pivot":{"x":-0.2425515353679657,"y":-0.4182000160217285,"z":-1.0739436149597169},"rotation":{"x":-0.0023795142769813539,"y":0.908611536026001,"z":-0.41759997606277468,"w":-0.005178531631827354},"size":21.39395523071289,"orthographic":false}