{"cameraMode":{"drawMode":0,"name":"Shaded","section":"Shading Mode"},"sceneLighting":true,"audioPlay":false,"sceneViewState":{"m_AlwaysRefresh":false,"showFog":true,"showSkybox":true,"showFlares":true,"showImageEffects":true,"showParticleSystems":true,"showVisualEffectGraphs":true,"m_FxEnabled":true},"in2DMode":false,"pivot":{"x":16.698097229003908,"y":-13.474620819091797,"z":30.611717224121095},"rotation":{"x":-0.40805739164352419,"y":-0.0008229948580265045,"z":0.0003710865566972643,"w":-0.9129887819290161},"size":38.896331787109378,"orthographic":false}