{"cameraMode":{"drawMode":0,"name":"Shaded","section":"Shading Mode"},"sceneLighting":false,"audioPlay":false,"sceneViewState":{"m_AlwaysRefresh":false,"showFog":true,"showSkybox":false,"showFlares":true,"showImageEffects":true,"showParticleSystems":true,"showVisualEffectGraphs":true,"m_FxEnabled":true},"in2DMode":false,"pivot":{"x":-2.794086217880249,"y":-5.404787063598633,"z":-0.3723783493041992},"rotation":{"x":-0.35991328954696658,"y":0.07183080911636353,"z":-0.027801649644970895,"w":-0.9298341274261475},"size":30.165225982666017,"orthographic":false}